{"model":{"version":2,"nodes":[{"name":"RootNode","position":[0,0,0],"rotation":[0,0,0],"scale":[1,1,1]},{"name":"Mesh Object","position":[0,0,0],"rotation":[2.50448e-06,-0,0],"scale":[1,1,1]}],"parents":[-1,0],"skins":[],"vertices":[{"position":{"type":"float32","components":3,"data":[-0.079556,0.506128,0.0795915,-0.328799,0.0815645,-0.255091,-0.15918,0.0821805,0.127802,-0.249175,0.505512,-0.303302,-0.35096,0.940609,-0.275208,-0.181341,0.941226,0.107686,-0.367643,0.532255,0.0667315,-0.069187,0.0821855,-0.218786,-0.038408,0.514275,-0.191454,-0.398423,0.100166,0.0393985,-0.223624,0.915547,0.247855,0.105611,0.897565,-0.0103305,0.271249,0.28199,0.0900315,-0.177525,0.253343,-0.300061,-0.049504,0.00108848,0.00874049,0.143228,0.534244,-0.218769,0.452856,0.640494,0.287394,0.324836,0.892749,-0.0214065,-0.274141,0.183888,0.0494775,-0.017938,0.0941165,-0.269397,0.011195,0.466665,0.213841,0.267398,0.376896,-0.105032,0.354197,0.587658,0.474934,0.6104,0.497889,0.15606,0.046828,0.300925,-0.230197,-0.160518,0.426212,0.174896,0.029081,0.589433,-0.0434245,-0.142772,0.137701,-0.0118765,-0.301242,0.738485,0.268184,-0.111643,0.901708,0.0498635,-0.179695,0.233123,-0.186892,0.034313,0.511137,0.128859,-0.268155,0.513567,-0.00811051,0.122773,0.230692,-0.0499215,-0.103558,0.682168,0.407714,-0.406026,0.684598,0.270744,0.091527,0.454217,-0.0386805,-0.021939,0.266917,-0.304163,-0.135136,0.0306235,-0.100189,-0.02167,0.217923,0.165293,-0.051448,0.466255,0.417217,0.061749,0.702547,0.213243,-0.16495,0.375012,0.241755,0.041084,0.11612,-0.111962,0.147853,0.304475,0.155545,-0.27172,0.186659,-0.0257525,-0.063584,0.344961,0.591022,0.249219,0.274424,0.504812,0.039107,0.212128,-0.164273,-0.391711,0.234841,0.0272215,-0.126919,0.434849,0.0388725,-0.225686,0.0121205,-0.175922,-0.59443,0.519093,0.0914595,-0.329638,0.7191,0.103109,-0.072486,0.157057,-0.297689,0.070617,0.0858805,-0.00664051,-0.286306,0.381268,-0.147862,-0.143203,0.310091,0.143185,-0.588963,0.4772,0.0109325,-0.44586,0.406023,0.30198,-0.329361,0.216257,-0.0267135,-0.343303,0.255118,-0.274352,-0.085328,0.128356,-0.0474365,-0.099271,0.167217,-0.295076,-0.596457,0.189809,-0.0248805,-0.6104,0.228669,-0.272521,0.081558,0.363261,-0.144036,-0.293411,0.121972,-0.204291,-0.111734,0.317695,-0.380067,-0.100118,0.167536,0.0317415,0.33117,0.433736,-0.347712,0.137877,0.388169,-0.583745,-0.05432,0.331547,-0.337467,0.0688,0.169921,-0.159555,-0.14783,0.151794,-0.0158995,-0.270949,0.313418,-0.193811,-0.417376,0.366901,-0.424682,-0.200747,0.38503,-0.568339,-0.001876,0.243275,-0.0986725,-0.330547,0.283727,0.237673,-0.090954,0.486008,0.128445,-0.241469,0.0409945,0.0105555,-0.50858,0.571672,0.344499,-0.268987,0.773955,0.235271,-0.362454,0.409254,0.0628665,-0.267244,0.165669,-0.160826,0.011793,0.106525,0.00915649,-0.083416,0.350111,0.232847,-0.533948,0.454056,0.381846,-0.254911,0.394911,0.551827,-0.119128,0.437291,-0.307354,-0.05858,0.0499025,-0.111051,-0.299203,0.242029,-0.129428,0.121496,0.245164,-0.288979,0.006181,0.549481,-0.591022,0.246805,0.357354,-0.572648,-0.280757,0.206605,-0.314763,-0.030443,0.239254,-0.0437075,-0.176116,0.0407865,-0.129055,-0.135084,0.405073,-0.229417,-0.288551,0.331521,-0.563638,-0.142878,0.529988,-0.478292,-0.274582,0.656815,0.12571,-0.311233,0.604733,0.169864,-0.246309,0.604149,0.21217,-0.365561,0.658324,0.15638,-0.337288,0.605658,0.242841,-0.311233,0.604733,0.169864,-0.311233,0.604733,0.169864,-0.311233,0.604733,0.169864,-0.394043,0.626647,0.117546,-0.410633,0.582245,0.156667,-0.38169,0.61578,0.199269,-0.461254,0.59126,0.123,-0.448901,0.580394,0.204722,-0.410633,0.582245,0.156667,-0.410633,0.582245,0.156667,-0.410633,0.582245,0.156667,-0.415683,0.590011,0.102009,-0.475718,0.566902,0.0938385,-0.464849,0.533889,0.148583,-0.4819,0.630021,0.0803185,-0.531066,0.573898,0.126892,-0.475718,0.566902,0.0938385,-0.475718,0.566902,0.0938385,-0.475718,0.566902,0.0938385,-0.307071,0.577514,-0.280299,-0.242702,0.587716,-0.240836,-0.207284,0.567143,-0.305078,-0.285123,0.64794,-0.221386,-0.185335,0.637568,-0.246166,-0.242702,0.587716,-0.240836,-0.242702,0.587716,-0.240836,-0.242702,0.587716,-0.240836,-0.317007,0.764257,-0.313163,-0.299778,0.761505,-0.243841,-0.239732,0.729629,-0.265934,-0.326202,0.827451,-0.251784,-0.248927,0.792822,-0.204555,-0.299778,0.761505,-0.243841,-0.299778,0.761505,-0.243841,-0.299778,0.761505,-0.243841,-0.175108,0.948912,-0.0297365,-0.232398,0.892368,-0.0304915,-0.259356,0.927969,0.0364845,-0.227897,0.91546,-0.107475,-0.312145,0.894516,-0.0412525,-0.232398,0.892368,-0.0304915,-0.232398,0.892368,-0.0304915,-0.232398,0.892368,-0.0304915,0.052335,0.875937,0.0508915,-0.021344,0.855487,0.0635105,-0.00406199,0.863132,0.13867,-0.026405,0.905627,0.00463249,-0.082802,0.89282,0.0924115,-0.021344,0.855487,0.0635105,-0.021344,0.855487,0.0635105,-0.021344,0.855487,0.0635105,-0.209964,0.811589,0.112486,-0.24708,0.758863,0.15547,-0.183547,0.759436,0.19984,-0.301893,0.811476,0.140219,-0.275476,0.759323,0.227573,-0.24708,0.758863,0.15547,-0.24708,0.758863,0.15547,-0.24708,0.758863,0.15547,0.210866,0.717128,-0.142917,0.191899,0.721418,-0.0749275,0.2541,0.690564,-0.0615215,0.173556,0.784494,-0.101114,0.21679,0.75793,-0.0197185,0.191899,0.721418,-0.0749275,0.191899,0.721418,-0.0749275,0.191899,0.721418,-0.0749275,-0.01733,0.741319,0.0283065,-0.073123,0.768672,0.0405845,-0.055126,0.766389,0.10127,-0.051957,0.800453,-0.00995051,-0.089753,0.825525,0.0630145,-0.073123,0.768672,0.0405845,-0.073123,0.768672,0.0405845,-0.073123,0.768672,0.0405845,-0.06043,0.723763,-0.0427335,-0.029278,0.76314,0.00527449,0.02206,0.769271,-0.0411205,-0.095192,0.785022,0.00674449,-0.012702,0.830529,0.00835749,-0.029278,0.76314,0.00527449,-0.029278,0.76314,0.00527449,-0.029278,0.76314,0.00527449,-0.194851,0.796858,0.158245,-0.232098,0.772085,0.183207,-0.194553,0.754354,0.21321,-0.25193,0.818671,0.175421,-0.251633,0.776167,0.230386,-0.232098,0.772085,0.183207,-0.232098,0.772085,0.183207,-0.232098,0.772085,0.183207,0.275728,0.717758,0.0790865,0.298425,0.695201,0.150979,0.371699,0.702274,0.123164,0.240793,0.74682,0.165358,0.336764,0.731336,0.209435,0.298425,0.695201,0.150979,0.298425,0.695201,0.150979,0.298425,0.695201,0.150979,-0.159748,0.711686,0.320154,-0.1976,0.663763,0.339676,-0.161523,0.663728,0.392675,-0.23877,0.705915,0.314403,-0.240545,0.657957,0.386925,-0.1976,0.663763,0.339676,-0.1976,0.663763,0.339676,-0.1976,0.663763,0.339676,-0.141901,0.665349,0.246681,-0.155368,0.618388,0.266299,-0.107973,0.602589,0.249697,-0.171319,0.65217,0.303391,-0.137392,0.58941,0.306407,-0.155368,0.618388,0.266299,-0.155368,0.618388,0.266299,-0.155368,0.618388,0.266299,-0.058809,0.534921,0.294104,-0.096635,0.50038,0.306254,-0.057247,0.466186,0.313388,-0.111539,0.544179,0.331374,-0.109977,0.475444,0.350658,-0.096635,0.50038,0.306254,-0.096635,0.50038,0.306254,-0.096635,0.50038,0.306254,0.119281,0.572973,-0.212358,0.131409,0.56937,-0.137227,0.205409,0.569548,-0.155354,0.075762,0.621004,-0.143719,0.161891,0.617578,-0.0867145,0.131409,0.56937,-0.137227,0.131409,0.56937,-0.137227,0.131409,0.56937,-0.137227]},"normal":{"type":"float32","components":3,